id,first_name,last_name,email,gender,ip_address
1,Marilyn,Hartley,mhartley0@youtube.com,Female,252.94.0.251
2,Sheelagh,Florey,sflorey1@last.fm,Female,165.34.214.246
3,Conan,MacKeague,cmackeague2@geocities.jp,Male,18.118.239.148
4,Berthe,Elder,belder3@yolasite.com,Female,82.87.245.215
5,Jessie,Leaney,jleaney4@sciencedaily.com,Genderqueer,149.128.97.136
6,Marita,Santacrole,msantacrole5@engadget.com,Female,182.39.249.130
7,Karin,Hessle,khessle6@paypal.com,Female,9.159.70.225
8,Chanda,Coltart,ccoltart7@foxnews.com,Female,125.113.0.67
9,Teena,Spellacey,tspellacey8@ibm.com,Female,23.225.89.44
10,Vasilis,Carss,vcarss9@posterous.com,Male,93.164.127.91
11,Nalani,Paula,npaulaa@paypal.com,Female,50.169.87.110
12,Patrizio,Emanuelov,pemanuelovb@bloomberg.com,Male,251.174.73.230
13,Carter,Kyles,ckylesc@sciencedaily.com,Male,194.71.68.61
14,Remington,Porch,rporchd@mlb.com,Male,104.42.197.123
15,Nicolai,Sidnell,nsidnelle@senate.gov,Male,36.255.79.103
16,Kayne,Nuss,knussf@un.org,Male,96.244.169.121
17,Diahann,Kitchingham,dkitchinghamg@eepurl.com,Female,238.30.241.99
18,Valaree,Paddemore,vpaddemoreh@springer.com,Female,78.21.77.222
19,Mariel,Somerfield,msomerfieldi@infoseek.co.jp,Female,33.101.242.154
20,Harcourt,Petracchi,hpetracchij@huffingtonpost.com,Male,188.149.49.86
21,Brady,Corcut,bcorcutk@list-manage.com,Male,8.15.108.16
22,Forster,Gilhouley,fgilhouleyl@oracle.com,Male,135.13.148.36
23,Aubine,Lande,alandem@chronoengine.com,Female,118.198.4.10
24,Ladonna,Moresby,lmoresbyn@wp.com,Female,204.183.188.192
25,Daphna,Puig,dpuigo@reddit.com,Female,166.228.158.191
26,Michele,McOrkill,mmcorkillp@bloomberg.com,Male,136.121.169.181
27,Marge,Bythway,mbythwayq@unc.edu,Female,164.60.236.138
28,Vivien,Kynvin,vkynvinr@weather.com,Female,162.13.126.68
29,Paxton,Piscopello,ppiscopellos@scientificamerican.com,Male,135.38.235.19
30,Zeke,Gilffillan,zgilffillant@gmpg.org,Bigender,16.2.30.128
31,Vidovik,Tripony,vtriponyu@phpbb.com,Male,11.62.207.191
32,Simonette,Gerrans,sgerransv@weebly.com,Female,153.229.251.198
33,Kati,Glowacki,kglowackiw@house.gov,Polygender,13.55.14.223
34,Ilise,Kirke,ikirkex@yahoo.com,Polygender,163.82.58.252
35,Welsh,McGonigle,wmcgonigley@wordpress.com,Male,189.191.63.216
36,Gene,Goolding,ggooldingz@so-net.ne.jp,Male,237.153.142.8
37,Grethel,Wither,gwither10@uol.com.br,Female,251.108.38.147
38,Honoria,McGarrie,hmcgarrie11@webs.com,Female,141.101.158.225
39,Jaymie,Langtree,jlangtree12@harvard.edu,Male,105.124.38.130
40,Norry,Ciraldo,nciraldo13@jalbum.net,Male,119.177.119.52
41,Farr,Queripel,fqueripel14@ucoz.com,Male,47.152.243.203
42,Ly,Lowdeane,llowdeane15@earthlink.net,Male,32.71.8.25
43,Jackie,Bigham,jbigham16@dropbox.com,Female,128.120.2.71
44,Saundra,Di Carlo,sdicarlo17@printfriendly.com,Female,59.106.4.47
45,Brendis,Maddox,bmaddox18@oakley.com,Male,24.166.130.182
46,Alec,Maggiore,amaggiore19@homestead.com,Male,161.110.208.1
47,Frants,Ayling,fayling1a@php.net,Male,116.69.217.50
48,Eduardo,Tubbs,etubbs1b@merriam-webster.com,Male,49.32.125.6
49,Penelope,Logue,plogue1c@last.fm,Female,38.221.190.196
50,Ketty,Longforth,klongforth1d@tamu.edu,Female,167.58.135.87
51,Barry,Cuddehy,bcuddehy1e@guardian.co.uk,Female,3.75.151.27
52,Zsa zsa,Siemens,zsiemens1f@oakley.com,Female,88.38.19.190
53,Shanan,Skym,sskym1g@etsy.com,Male,188.79.102.55
54,Alf,Wordsworth,awordsworth1h@studiopress.com,Male,43.253.29.105
55,Lucinda,Goldhawk,lgoldhawk1i@mac.com,Genderqueer,4.84.136.98
56,Portie,Dougherty,pdougherty1j@nbcnews.com,Genderfluid,239.102.138.164
57,Cullan,Buer,cbuer1k@dropbox.com,Male,163.55.188.205
58,Meredeth,Gemeau,mgemeau1l@virginia.edu,Male,205.153.118.85
59,Milka,Gooddie,mgooddie1m@rakuten.co.jp,Female,168.61.97.111
60,Mamie,Heninghem,mheninghem1n@sohu.com,Female,100.75.250.17
61,Delmore,Suche,dsuche1o@whitehouse.gov,Non-binary,212.94.208.49
62,Dennet,Ridulfo,dridulfo1p@bloglovin.com,Male,162.104.113.14
63,Jordan,Hark,jhark1q@sina.com.cn,Male,157.132.245.197
64,Virgie,Syred,vsyred1r@amazon.co.uk,Male,42.16.160.18
65,Simeon,Langdridge,slangdridge1s@biblegateway.com,Male,238.74.80.2
66,Kory,Searles,ksearles1t@hp.com,Male,44.164.178.155
67,Tamar,Bagwell,tbagwell1u@mtv.com,Female,240.125.196.188
68,Darrick,Seamer,dseamer1v@surveymonkey.com,Male,173.238.233.78
69,Eachelle,Beebee,ebeebee1w@nifty.com,Female,182.115.17.175
70,Alfi,Marcone,amarcone1x@sciencedaily.com,Female,79.133.82.140
71,Jana,Castel,jcastel1y@t-online.de,Female,228.62.166.193
72,Cesya,Traill,ctraill1z@xinhuanet.com,Female,212.36.150.240
73,Abbey,McLeish,amcleish20@cbslocal.com,Female,25.247.183.128
74,Jerald,Creamer,jcreamer21@exblog.jp,Male,110.134.171.125
75,Demetris,Kasperski,dkasperski22@1688.com,Female,186.183.156.150
76,Shani,Congreve,scongreve23@java.com,Female,233.254.79.196
77,Cyrillus,Warrener,cwarrener24@google.de,Male,0.65.98.36
78,Diego,Bakhrushkin,dbakhrushkin25@ucoz.com,Male,112.94.63.76
79,Drucill,Jessep,djessep26@cam.ac.uk,Genderqueer,231.198.87.65
80,Gunter,Lewcock,glewcock27@dyndns.org,Male,15.143.158.187
81,Barri,Tolchard,btolchard28@wufoo.com,Male,239.70.17.81
82,Bat,Loudon,bloudon29@loc.gov,Male,109.43.135.28
83,Parsifal,Greedier,pgreedier2a@desdev.cn,Male,21.249.51.202
84,Ole,Durrett,odurrett2b@domainmarket.com,Male,207.64.140.134
85,Erica,Poplee,epoplee2c@vinaora.com,Female,158.35.144.61
86,Rina,Jantel,rjantel2d@nature.com,Female,56.211.4.95
87,Lynnette,Sawford,lsawford2e@bizjournals.com,Female,10.216.175.61
88,Trevar,Janjic,tjanjic2f@yandex.ru,Male,116.23.131.246
89,Larissa,Samwell,lsamwell2g@storify.com,Female,190.176.123.45
90,Sigfrid,MacDonough,smacdonough2h@google.nl,Male,72.70.175.59
91,Micky,Keave,mkeave2i@360.cn,Female,218.189.34.88
92,Chariot,Sparham,csparham2j@geocities.jp,Non-binary,195.131.171.131
93,Demott,Tomaschke,dtomaschke2k@fastcompany.com,Male,69.137.38.39
94,Rubin,Beasleigh,rbeasleigh2l@bigcartel.com,Male,176.166.5.171
95,Gilli,Stockney,gstockney2m@yahoo.com,Female,154.104.179.10
96,Hillary,Cabel,hcabel2n@dailymail.co.uk,Male,229.101.225.104
97,Rosalie,Gabala,rgabala2o@google.cn,Female,224.72.40.8
98,Ikey,Chatwood,ichatwood2p@hao123.com,Male,52.142.250.200
99,Brien,Maric,bmaric2q@washingtonpost.com,Male,52.158.199.202
100,Wes,D'Antonio,wdantonio2r@tinyurl.com,Male,109.23.0.158
101,Base,Taft,btaft2s@opensource.org,Male,28.69.242.44
102,Vasili,Glaves,vglaves2t@dell.com,Male,229.202.23.52
103,Wini,Ambrogelli,wambrogelli2u@digg.com,Female,151.112.69.112
104,Aldo,Herries,aherries2v@amazon.com,Male,26.137.106.36
105,Biddie,Lomansey,blomansey2w@typepad.com,Female,227.131.53.115
106,Freeland,Bernakiewicz,fbernakiewicz2x@mapquest.com,Male,167.243.142.155
107,Borden,Smethurst,bsmethurst2y@fastcompany.com,Male,216.128.54.67
108,Duane,Brannon,dbrannon2z@is.gd,Male,41.189.110.203
109,Abner,Lenham,alenham30@cpanel.net,Male,9.151.243.247
110,Gil,Mertin,gmertin31@google.com.br,Male,145.105.167.105
111,Flin,Catton,fcatton32@un.org,Male,201.184.34.4
112,Far,Extance,fextance33@plala.or.jp,Male,218.236.181.223
113,Konstantin,Middas,kmiddas34@noaa.gov,Male,14.7.10.186
114,Pegeen,Ondra,pondra35@deliciousdays.com,Female,140.200.162.33
115,Annabelle,McTavish,amctavish36@reference.com,Female,169.52.249.3
116,Brock,Hastwall,bhastwall37@ycombinator.com,Male,230.19.135.223
117,Cami,Farryann,cfarryann38@omniture.com,Female,31.39.195.152
118,Devland,Cordy,dcordy39@imageshack.us,Male,68.174.168.120
119,Ancell,Summerrell,asummerrell3a@w3.org,Male,142.169.105.4
120,Britni,Downer,bdowner3b@utexas.edu,Female,173.37.51.82
121,Rolland,Mumbray,rmumbray3c@dmoz.org,Male,79.214.188.130
122,Witty,Knowlden,wknowlden3d@mysql.com,Male,158.67.238.13
123,Binky,Kinzett,bkinzett3e@cafepress.com,Male,173.152.213.88
124,Florida,Luckwell,fluckwell3f@newsvine.com,Female,249.233.93.1
125,Celestia,McLaughlan,cmclaughlan3g@nifty.com,Female,202.73.169.124
126,Romona,Conkling,rconkling3h@lulu.com,Female,3.245.239.255
127,Graham,Ebenezer,gebenezer3i@google.com.au,Male,208.169.25.114
128,Wang,Kingsford,wkingsford3j@bing.com,Male,40.231.166.183
129,Janine,Boothebie,jboothebie3k@webeden.co.uk,Female,61.103.82.186
130,Dre,Thorsby,dthorsby3l@altervista.org,Female,68.158.65.97
131,Job,Utting,jutting3m@amazon.com,Male,93.49.135.251
132,Patten,Okker,pokker3n@unicef.org,Genderfluid,70.233.197.147
133,Ricky,Giacobini,rgiacobini3o@reference.com,Female,237.5.52.227
134,Nev,Balaam,nbalaam3p@blogs.com,Male,223.248.39.156
135,Eula,Cotmore,ecotmore3q@trellian.com,Female,241.216.126.150
136,Normie,Kegan,nkegan3r@ucsd.edu,Male,75.156.214.16
137,Jacques,Phillput,jphillput3s@odnoklassniki.ru,Male,33.76.128.117
138,Roley,Quaintance,rquaintance3t@bravesites.com,Non-binary,7.15.64.238
139,Haslett,Blackley,hblackley3u@purevolume.com,Male,106.20.115.157
140,Dodi,Roon,droon3v@fda.gov,Polygender,35.80.43.89
141,Ariel,Snaith,asnaith3w@cloudflare.com,Male,31.251.207.170
142,Woodie,Spinelli,wspinelli3x@mail.ru,Male,222.64.57.152
143,Ermin,Murra,emurra3y@vkontakte.ru,Male,114.188.163.52
144,Kendell,Isaaksohn,kisaaksohn3z@mysql.com,Male,53.92.224.131
145,Noel,O'Dare,nodare40@accuweather.com,Male,201.167.92.161
146,Minny,Genike,mgenike41@cdc.gov,Agender,126.223.89.241
147,Maurizio,Treneer,mtreneer42@cocolog-nifty.com,Male,79.67.35.176
148,Abigael,Kunze,akunze43@instagram.com,Female,72.218.53.70
149,Stormi,Hatterslay,shatterslay44@opensource.org,Bigender,25.98.195.84
150,Kristien,Raincin,kraincin45@usnews.com,Female,128.193.20.237
151,Cherye,Beaty,cbeaty46@indiatimes.com,Female,9.28.178.133
152,Perceval,Hayller,phayller47@nih.gov,Male,217.212.21.90
153,Svend,Maneylaws,smaneylaws48@cmu.edu,Male,83.196.132.50
154,Eryn,Elmore,eelmore49@who.int,Female,26.10.105.177
155,Papageno,Krauss,pkrauss4a@scientificamerican.com,Male,143.214.254.118
156,Arlena,Flintuff,aflintuff4b@hibu.com,Female,178.166.150.231
157,Conroy,Mingauld,cmingauld4c@php.net,Male,200.73.66.161
158,Alanah,Elcocks,aelcocks4d@ed.gov,Female,114.149.223.124
159,Tybie,Balentyne,tbalentyne4e@mozilla.com,Female,234.15.120.74
160,Wheeler,Doget,wdoget4f@dmoz.org,Male,60.155.98.142
161,Calley,Hanbury,chanbury4g@constantcontact.com,Female,218.224.146.151
162,Marleah,Beeble,mbeeble4h@microsoft.com,Female,231.11.216.64
163,Diann,Andraud,dandraud4i@jugem.jp,Female,136.32.39.91
164,Nevil,Ivanisov,nivanisov4j@marketwatch.com,Bigender,120.84.158.233
165,Shepherd,Bough,sbough4k@topsy.com,Male,59.79.224.168
166,Jelene,Pauling,jpauling4l@vk.com,Female,115.187.187.193
167,Edik,Brandolini,ebrandolini4m@dropbox.com,Male,201.221.90.229
168,Delmore,Clappson,dclappson4n@vinaora.com,Genderqueer,222.52.179.26
169,Erick,Lehemann,elehemann4o@foxnews.com,Male,209.54.173.150
170,Damita,Skelington,dskelington4p@europa.eu,Female,74.89.104.183
171,Emmett,Grinston,egrinston4q@imageshack.us,Male,35.128.67.25
172,Eliot,Shew,eshew4r@mapy.cz,Male,185.30.16.163
173,Galven,Collingwood,gcollingwood4s@ustream.tv,Male,203.188.118.126
174,Margarethe,Frotton,mfrotton4t@reuters.com,Female,87.60.172.39
175,Nicholas,Harvison,nharvison4u@infoseek.co.jp,Male,18.5.205.138
176,Mose,Goaks,mgoaks4v@myspace.com,Male,53.21.245.26
177,Ada,Ezzy,aezzy4w@economist.com,Female,21.143.241.218
178,Elyssa,Kay,ekay4x@homestead.com,Female,166.183.5.105
179,Cristionna,Lillo,clillo4y@gmpg.org,Female,192.5.53.213
180,Maynard,Kneesha,mkneesha4z@reuters.com,Male,164.238.28.152
181,Lilly,Allcorn,lallcorn50@oakley.com,Female,108.0.147.184
182,Emanuel,Antonias,eantonias51@xrea.com,Male,34.146.165.118
183,Raff,Wheway,rwheway52@si.edu,Male,203.51.36.2
184,Sammy,Giorgiutti,sgiorgiutti53@hatena.ne.jp,Female,33.228.71.227
185,Ebeneser,Gheorghie,egheorghie54@a8.net,Male,80.132.122.246
186,Michaelina,Epsly,mepsly55@unc.edu,Female,251.94.63.41
187,Gladi,Balsom,gbalsom56@elegantthemes.com,Female,142.203.227.157
188,Fraze,Olorenshaw,folorenshaw57@craigslist.org,Male,203.143.152.218
189,Massimiliano,MacGlory,mmacglory58@cam.ac.uk,Male,150.86.22.191
190,Vernon,Chittie,vchittie59@bravesites.com,Male,5.19.96.135
191,Morey,Sparling,msparling5a@nifty.com,Male,85.114.99.24
192,Tonye,Boyse,tboyse5b@t.co,Female,112.65.44.106
193,Justine,Dodimead,jdodimead5c@newsvine.com,Female,32.245.141.181
194,Cheston,Cowing,ccowing5d@hibu.com,Male,126.227.69.55
195,Rozanna,Garstang,rgarstang5e@newyorker.com,Female,151.229.69.52
196,Camel,Millward,cmillward5f@barnesandnoble.com,Female,197.76.90.144
197,Kittie,Peschet,kpeschet5g@dailymotion.com,Female,244.242.47.36
198,Grissel,Ashenhurst,gashenhurst5h@sakura.ne.jp,Female,40.26.24.76
199,Mitzi,Dallas,mdallas5i@comcast.net,Female,115.96.13.179
200,Dewain,Bartoloma,dbartoloma5j@discovery.com,Male,145.119.246.61
201,Pru,Howsam,phowsam5k@ted.com,Female,8.127.204.197
202,Norrie,McCaskill,nmccaskill5l@exblog.jp,Male,186.10.174.118
203,Aluin,Ibeson,aibeson5m@yale.edu,Male,50.150.117.148
204,Greggory,Grindley,ggrindley5n@eventbrite.com,Bigender,188.109.75.96
205,Thurstan,Causbey,tcausbey5o@cisco.com,Male,41.246.205.162
206,Ike,Sebyer,isebyer5p@umn.edu,Male,162.233.145.44
207,Riki,Iglesias,riglesias5q@disqus.com,Bigender,200.244.41.145
208,Rafaelia,Wimlett,rwimlett5r@house.gov,Female,13.2.143.97
209,Jody,Durham,jdurham5s@hostgator.com,Male,157.60.103.5
210,Melisandra,Boxe,mboxe5t@about.com,Female,242.146.50.235
211,Heriberto,Welchman,hwelchman5u@exblog.jp,Male,192.214.15.232
212,Renado,Whibley,rwhibley5v@cdc.gov,Male,47.136.230.80
213,Arthur,Osgordby,aosgordby5w@vistaprint.com,Male,27.70.160.108
214,Devland,Lidgertwood,dlidgertwood5x@symantec.com,Male,33.245.91.88
215,Osborn,Shaw,oshaw5y@aol.com,Male,57.79.22.212
216,Melodie,Melesk,mmelesk5z@google.de,Female,140.163.12.250
217,Philippa,Stapylton,pstapylton60@japanpost.jp,Female,150.87.73.129
218,Thaine,Pym,tpym61@unblog.fr,Male,26.95.217.76
219,Olympe,Cockayne,ocockayne62@cdc.gov,Female,16.20.182.36
220,Julietta,Ferrarese,jferrarese63@surveymonkey.com,Agender,166.235.95.72
221,Bourke,Riba,briba64@shareasale.com,Male,192.172.95.234
222,Leanora,Chittock,lchittock65@google.com,Female,124.43.207.84
223,Ulrikaumeko,Pitkins,upitkins66@homestead.com,Female,38.224.84.216
224,Vladamir,Tarborn,vtarborn67@mediafire.com,Male,69.47.62.232
225,Torrance,Bernlin,tbernlin68@homestead.com,Male,228.155.211.3
226,Ameline,Bracher,abracher69@nymag.com,Female,172.197.59.107
227,Trstram,Tinson,ttinson6a@mediafire.com,Male,107.17.235.52
228,Janeczka,Silby,jsilby6b@mayoclinic.com,Female,91.212.2.215
229,Merrill,Tipperton,mtipperton6c@intel.com,Female,228.78.208.245
230,Devonne,Oxer,doxer6d@parallels.com,Female,202.154.242.251
231,Von,Blampied,vblampied6e@blog.com,Male,254.89.232.78
232,Kris,Medling,kmedling6f@desdev.cn,Female,205.125.2.158
233,Barnaby,Whitebread,bwhitebread6g@exblog.jp,Male,80.184.160.249
234,Yancy,Mervyn,ymervyn6h@geocities.jp,Agender,183.98.53.140
235,Kimmie,Ledward,kledward6i@buzzfeed.com,Polygender,66.221.247.7
236,Lennie,Wolfe,lwolfe6j@jugem.jp,Male,252.26.42.104
237,Eddie,Colvine,ecolvine6k@tiny.cc,Female,25.59.229.191
238,Klemens,Whetland,kwhetland6l@eventbrite.com,Male,172.147.63.94
239,Antonia,Breewood,abreewood6m@quantcast.com,Female,61.115.25.193
240,Cecilius,MacAllan,cmacallan6n@weather.com,Male,79.253.143.207
241,Tiebold,Tarquinio,ttarquinio6o@ihg.com,Male,70.103.2.32
242,Clotilda,Pitkeathley,cpitkeathley6p@adobe.com,Female,69.52.154.205
243,Chaddy,Ackland,cackland6q@paginegialle.it,Male,191.39.149.52
244,Haily,Brickhill,hbrickhill6r@nba.com,Male,127.229.19.121
245,Karalynn,Eslinger,keslinger6s@washington.edu,Genderfluid,156.90.93.243
246,Janessa,Peasee,jpeasee6t@people.com.cn,Female,57.111.32.168
247,Kalindi,Whitlaw,kwhitlaw6u@jimdo.com,Female,123.164.118.75
248,Redford,Patey,rpatey6v@biblegateway.com,Male,113.58.254.74
249,Rosanne,Denizet,rdenizet6w@usa.gov,Non-binary,231.180.203.8
250,Karalynn,Carnall,kcarnall6x@stumbleupon.com,Female,167.32.50.6
251,Lissy,Kuhl,lkuhl6y@arizona.edu,Female,5.138.241.161
252,Gian,Pau,gpau6z@cpanel.net,Male,193.98.200.200
253,Gay,Housin,ghousin70@loc.gov,Female,166.242.151.204
254,Johnathan,Agent,jagent71@springer.com,Male,191.173.172.51
255,Ambrose,Tulk,atulk72@omniture.com,Male,93.214.115.71
256,Pepe,Simenot,psimenot73@loc.gov,Male,160.209.41.21
257,Link,Baudy,lbaudy74@prlog.org,Male,180.169.240.125
258,Frederich,Glusby,fglusby75@ucoz.com,Male,59.54.60.231
259,Maddie,Hordell,mhordell76@nasa.gov,Male,202.156.249.181
260,Jeralee,Blaise,jblaise77@google.com.hk,Female,80.75.116.199
261,Ethelbert,Issard,eissard78@ameblo.jp,Male,15.59.250.1
262,Averill,Phaup,aphaup79@blogs.com,Male,141.32.171.116
263,Horace,Goodbarne,hgoodbarne7a@delicious.com,Male,141.106.189.97
264,Laurel,Moules,lmoules7b@ustream.tv,Bigender,92.109.34.19
265,Bernadette,Libbe,blibbe7c@nationalgeographic.com,Female,229.225.223.38
266,Ardeen,Hamblen,ahamblen7d@prweb.com,Female,54.77.42.178
267,Amelina,Temlett,atemlett7e@infoseek.co.jp,Female,230.73.120.131
268,Freeland,Pashbee,fpashbee7f@unc.edu,Male,51.249.225.150
269,Eugen,Saintpierre,esaintpierre7g@utexas.edu,Male,68.7.42.45
270,Eadmund,Guidera,eguidera7h@unblog.fr,Male,76.80.192.153
271,Launce,Owttrim,lowttrim7i@mashable.com,Male,103.99.44.90
272,Val,Bamborough,vbamborough7j@typepad.com,Male,102.196.186.14
273,Tammy,Rubinfajn,trubinfajn7k@alibaba.com,Male,225.71.33.170
274,Analise,Shoubridge,ashoubridge7l@netscape.com,Female,161.115.60.167
275,Kevan,Hazelton,khazelton7m@desdev.cn,Male,132.113.140.106
276,Northrup,Sansam,nsansam7n@blogs.com,Male,191.180.215.77
277,Catherina,Aymes,caymes7o@sciencedirect.com,Female,158.54.225.89
278,Lonna,Maton,lmaton7p@archive.org,Agender,215.12.70.194
279,Dulcine,Chawner,dchawner7q@pbs.org,Agender,149.12.232.61
280,Kameko,Butt Gow,kbuttgow7r@oracle.com,Female,89.152.87.59
281,Brod,Seemmonds,bseemmonds7s@gravatar.com,Male,101.71.242.120
282,Trever,Marsham,tmarsham7t@delicious.com,Male,47.57.244.171
283,Isa,Brenton,ibrenton7u@webnode.com,Female,136.128.217.221
284,Blinny,Gravett,bgravett7v@ucsd.edu,Female,246.4.109.192
285,Jobye,Longea,jlongea7w@simplemachines.org,Female,244.149.69.201
286,Faunie,Sedgemore,fsedgemore7x@omniture.com,Female,159.253.150.149
287,Hobey,Miguet,hmiguet7y@walmart.com,Male,92.43.92.0
288,Lexine,Gregersen,lgregersen7z@weebly.com,Female,12.108.63.166
289,Ryan,Filipson,rfilipson80@bbb.org,Male,115.182.16.242
290,Carmine,Serjeantson,cserjeantson81@cam.ac.uk,Male,48.178.5.153
291,Price,Feld,pfeld82@slate.com,Non-binary,36.167.251.247
292,Carmela,Dannohl,cdannohl83@discovery.com,Female,87.222.224.253
293,Lorelei,Feldberger,lfeldberger84@tiny.cc,Polygender,51.98.14.149
294,Liva,Shawel,lshawel85@multiply.com,Female,203.232.212.216
295,Olenolin,Seage,oseage86@java.com,Male,101.9.151.182
296,Corilla,Victory,cvictory87@google.de,Female,34.182.1.148
297,Cecil,Musk,cmusk88@weibo.com,Female,30.143.69.67
298,Edin,Gisbey,egisbey89@xing.com,Female,175.92.37.73
299,Marie,Wortman,mwortman8a@microsoft.com,Agender,18.106.8.81
300,Camala,Semens,csemens8b@google.com.au,Female,88.73.186.154
301,Johanna,Jans,jjans8c@bandcamp.com,Female,205.243.68.25
302,Genevieve,Darridon,gdarridon8d@phoca.cz,Female,37.129.3.142
303,Nola,Meni,nmeni8e@pen.io,Female,88.246.113.244
304,Slade,Chitter,schitter8f@baidu.com,Male,215.217.13.35
305,Lacy,Hobbing,lhobbing8g@quantcast.com,Female,93.248.40.14
306,Lothaire,O'Farris,lofarris8h@sohu.com,Male,114.247.124.32
307,Ruperta,O'Docherty,rodocherty8i@artisteer.com,Female,34.230.137.179
308,Beryle,Kunath,bkunath8j@psu.edu,Female,91.57.26.164
309,Kaia,Tamlett,ktamlett8k@vistaprint.com,Female,211.67.91.235
310,Cooper,Farlham,cfarlham8l@deviantart.com,Male,42.242.246.24
311,Lisle,Coushe,lcoushe8m@cloudflare.com,Male,64.134.22.237
312,Marty,Fraschetti,mfraschetti8n@usnews.com,Male,170.109.98.98
313,Skippie,Glasner,sglasner8o@npr.org,Male,71.144.228.76
314,Ransom,Dilgarno,rdilgarno8p@discuz.net,Male,167.47.142.50
315,Almire,Sugarman,asugarman8q@prweb.com,Female,242.46.73.134
316,Elvis,Wishkar,ewishkar8r@prnewswire.com,Male,19.15.97.34
317,Huntington,Corinton,hcorinton8s@oakley.com,Male,45.247.218.41
318,Wini,Van der Mark,wvandermark8t@theatlantic.com,Female,18.4.190.57
319,Ingamar,McLaggan,imclaggan8u@pinterest.com,Male,57.45.79.119
320,Otha,Peddar,opeddar8v@ycombinator.com,Female,65.214.255.237
321,Vlad,Fullager,vfullager8w@1und1.de,Male,54.106.141.51
322,Lurette,Aime,laime8x@blog.com,Female,122.138.126.149
323,Brigg,Tibbotts,btibbotts8y@quantcast.com,Male,96.183.40.157
324,Ginnifer,Gillespie,ggillespie8z@bbb.org,Female,206.18.55.243
325,Virgie,Faulks,vfaulks90@smugmug.com,Female,251.127.189.154
326,Editha,Carrabott,ecarrabott91@spotify.com,Female,184.145.112.101
327,Othilia,Liveley,oliveley92@sfgate.com,Female,52.99.92.6
328,Flem,Jaze,fjaze93@mit.edu,Male,171.104.159.69
329,Zara,Scotchbourouge,zscotchbourouge94@dmoz.org,Female,57.175.162.151
330,Nikkie,Imlacke,nimlacke95@ucoz.ru,Female,182.81.33.44
331,Sibbie,Delves,sdelves96@epa.gov,Female,248.236.237.206
332,Raviv,Ferne,rferne97@dot.gov,Male,23.43.12.153
333,Mady,Fantham,mfantham98@nbcnews.com,Female,141.40.40.173
334,Liam,Skipperbottom,lskipperbottom99@reddit.com,Male,184.61.30.84
335,Godiva,Anderer,ganderer9a@skype.com,Female,172.29.110.124
336,Selestina,Fippe,sfippe9b@wp.com,Female,246.39.17.85
337,Josy,Balden,jbalden9c@google.com.br,Female,15.77.181.181
338,Marc,Foro,mforo9d@miitbeian.gov.cn,Male,162.57.234.188
339,Andy,Rubinlicht,arubinlicht9e@ifeng.com,Male,214.241.220.14
340,Stacy,Shearstone,sshearstone9f@gov.uk,Male,9.29.182.228
341,Buffy,McLese,bmclese9g@google.ca,Female,127.255.158.71
342,Nani,Belhomme,nbelhomme9h@a8.net,Female,109.218.80.184
343,Roberta,Hedling,rhedling9i@cornell.edu,Female,214.48.177.17
344,Damiano,Lalor,dlalor9j@nih.gov,Male,219.207.104.75
345,Wain,Upchurch,wupchurch9k@sohu.com,Male,24.94.176.197
346,Desi,Immins,dimmins9l@mayoclinic.com,Male,248.223.121.119
347,Batholomew,Ruperti,bruperti9m@360.cn,Male,91.26.149.223
348,Simonne,Withrington,swithrington9n@arstechnica.com,Agender,180.4.246.242
349,Julie,Guillard,jguillard9o@soup.io,Female,177.41.132.222
350,Pip,Melross,pmelross9p@ucoz.ru,Male,222.163.226.25
351,Ebonee,Mallan,emallan9q@xrea.com,Female,3.143.53.202
352,Colleen,Staining,cstaining9r@dailymotion.com,Female,250.11.84.132
353,Phoebe,Gready,pgready9s@weibo.com,Female,13.218.255.56
354,Northrup,Gredden,ngredden9t@boston.com,Male,94.8.157.255
355,Blancha,Crowcher,bcrowcher9u@netlog.com,Female,135.59.193.85
356,Deb,Corradini,dcorradini9v@salon.com,Female,148.220.199.113
357,Niels,Wilkowski,nwilkowski9w@blogspot.com,Male,114.47.163.206
358,Millard,Philippsohn,mphilippsohn9x@washington.edu,Male,173.114.64.104
359,Chucho,Frickey,cfrickey9y@amazonaws.com,Male,77.237.80.223
360,Kliment,Sweating,ksweating9z@go.com,Male,158.131.231.39
361,Baryram,Ferneyhough,bferneyhougha0@purevolume.com,Male,52.68.219.223
362,Tito,Allone,tallonea1@icio.us,Male,77.206.47.6
363,Pattie,Garner,pgarnera2@naver.com,Female,22.47.62.88
364,Aveline,Lawfull,alawfulla3@webmd.com,Female,232.61.105.104
365,Hercule,Rowe,hrowea4@tmall.com,Male,243.229.186.207
366,Ricky,Robertshaw,rrobertshawa5@japanpost.jp,Female,173.11.199.9
367,Anders,Zellner,azellnera6@webmd.com,Male,128.215.240.192
368,Danita,Brennenstuhl,dbrennenstuhla7@tumblr.com,Female,91.32.159.188
369,Ario,Braniff,abraniffa8@baidu.com,Male,171.99.12.155
370,Bess,Kaser,bkasera9@mail.ru,Female,220.15.51.62
371,Helenka,Stoakes,hstoakesaa@addthis.com,Female,148.25.223.2
372,Ripley,Watkiss,rwatkissab@house.gov,Male,189.121.106.101
373,Armando,Uebel,auebelac@bigcartel.com,Male,241.71.148.238
374,Tallie,Writer,twriterad@parallels.com,Male,143.193.234.198
375,Ynes,Haggard,yhaggardae@about.me,Female,108.219.9.241
376,Jed,Bierton,jbiertonaf@php.net,Male,82.209.100.150
377,Orran,McSharry,omcsharryag@blinklist.com,Male,123.100.231.65
378,Jecho,Sinnat,jsinnatah@pbs.org,Male,53.106.250.179
379,Arluene,Lermouth,alermouthai@csmonitor.com,Female,136.27.63.202
380,Charla,Peever,cpeeveraj@issuu.com,Female,238.143.57.115
381,Clemente,Belcher,cbelcherak@washingtonpost.com,Male,175.9.211.144
382,Annadiana,Le Grys,alegrysal@nytimes.com,Female,197.39.41.109
383,Tannie,Kirby,tkirbyam@constantcontact.com,Male,137.243.187.70
384,Amelita,Calladine,acalladinean@independent.co.uk,Bigender,4.110.10.108
385,Marinna,Bratty,mbrattyao@hatena.ne.jp,Female,55.197.142.158
386,Farrell,Campelli,fcampelliap@infoseek.co.jp,Male,149.2.62.113
387,Crissie,Surridge,csurridgeaq@shinystat.com,Female,61.53.52.84
388,Garwin,Matyushonok,gmatyushonokar@ucsd.edu,Male,124.31.246.184
389,Greg,Link,glinkas@unesco.org,Male,165.41.28.2
390,Andriana,Kibbey,akibbeyat@nasa.gov,Female,76.237.60.38
391,Delbert,Catonne,dcatonneau@google.com.hk,Male,76.237.203.177
392,Jackie,Bockings,jbockingsav@scribd.com,Male,8.96.50.20
393,Boniface,McKeon,bmckeonaw@jalbum.net,Male,200.128.152.207
394,Trever,Hintze,thintzeax@opera.com,Male,189.158.170.1
395,Anstice,Gammett,agammettay@toplist.cz,Female,150.18.34.90
396,Reeta,Kores,rkoresaz@harvard.edu,Female,191.103.17.100
397,Eric,Heatly,eheatlyb0@wiley.com,Male,244.56.140.113
398,Madison,Mosco,mmoscob1@hostgator.com,Male,81.119.183.148
399,Kaitlynn,Nelligan,knelliganb2@is.gd,Female,98.27.34.38
400,Elyssa,Quarrell,equarrellb3@rakuten.co.jp,Female,158.93.64.192
401,Michaelina,Assinder,massinderb4@va.gov,Female,214.42.100.89
402,Marcela,Candy,mcandyb5@cisco.com,Female,54.62.207.232
403,Cooper,Cumberbatch,ccumberbatchb6@github.io,Male,8.140.231.87
404,Liva,Duckwith,lduckwithb7@newyorker.com,Female,8.34.40.61
405,Jourdan,Coddrington,jcoddringtonb8@youtu.be,Female,238.175.223.226
406,Vinnie,Sizzey,vsizzeyb9@github.com,Male,5.54.46.52
407,Arv,Rowntree,arowntreeba@ft.com,Male,111.189.232.125
408,Coleman,Verner,cvernerbb@de.vu,Male,91.147.214.34
409,Elwin,Cobden,ecobdenbc@state.gov,Male,67.217.183.212
410,Carlynn,O'Teague,coteaguebd@bandcamp.com,Female,3.229.199.86
411,Tucky,Grewar,tgrewarbe@omniture.com,Male,199.207.14.198
412,Nesta,Shawcroft,nshawcroftbf@gizmodo.com,Female,169.177.229.112
413,Ramsey,Trittam,rtrittambg@forbes.com,Male,209.161.242.177
414,Clyve,Larmor,clarmorbh@fc2.com,Male,236.37.114.41
415,Farley,Delacote,fdelacotebi@wikia.com,Male,59.224.123.158
416,Carlyle,Jedrzejczyk,cjedrzejczykbj@biglobe.ne.jp,Non-binary,255.164.51.46
417,Stanislaus,Rope,sropebk@yale.edu,Male,137.65.220.38
418,Eba,Tincknell,etincknellbl@pinterest.com,Female,56.248.239.5
419,Heath,Butfield,hbutfieldbm@godaddy.com,Male,252.181.55.75
420,Moria,Lund,mlundbn@squidoo.com,Female,107.29.231.89
421,Claretta,Lamblot,clamblotbo@ezinearticles.com,Female,168.59.57.190
422,Graeme,Cruickshank,gcruickshankbp@theguardian.com,Male,254.18.98.84
423,Aldric,Jaffray,ajaffraybq@vkontakte.ru,Male,52.187.64.2
424,Bayard,Clausson,bclaussonbr@npr.org,Male,157.232.227.43
425,Bev,Blincko,bblinckobs@liveinternet.ru,Male,23.134.128.52
426,Nola,Wanklyn,nwanklynbt@sciencedaily.com,Female,67.181.66.111
427,Lin,Clinch,lclinchbu@hc360.com,Female,222.178.235.148
428,Porty,Kleinert,pkleinertbv@51.la,Male,55.249.230.45
429,Lissie,Kaesmans,lkaesmansbw@ustream.tv,Bigender,71.67.244.171
430,Brita,Perryman,bperrymanbx@163.com,Female,130.98.104.169
431,Mercedes,Paxton,mpaxtonby@vistaprint.com,Female,102.3.215.123
432,Sim,Dahmel,sdahmelbz@godaddy.com,Male,252.151.65.129
433,Hervey,Upjohn,hupjohnc0@jigsy.com,Male,133.213.147.249
434,Adler,Margarson,amargarsonc1@canalblog.com,Male,74.166.200.42
435,Wendell,Stranio,wstranioc2@comcast.net,Male,96.75.201.124
436,Rhiamon,Savile,rsavilec3@blogger.com,Female,16.158.141.115
437,Webb,Chedzoy,wchedzoyc4@yandex.ru,Male,33.160.139.142
438,Esma,Jachimak,ejachimakc5@bbc.co.uk,Female,55.45.29.223
439,Margarita,Gerber,mgerberc6@blogtalkradio.com,Female,173.64.215.228
440,Yvon,Gaish,ygaishc7@yellowpages.com,Male,21.128.35.145
441,Rory,Grimsdyke,rgrimsdykec8@gravatar.com,Male,92.18.234.126
442,Arlina,Leach,aleachc9@bloglovin.com,Female,195.74.70.197
443,Meggi,Cudmore,mcudmoreca@storify.com,Female,51.135.61.38
444,Austina,Dodridge,adodridgecb@mlb.com,Female,133.65.133.248
445,Garey,Matej,gmatejcc@pbs.org,Male,27.136.147.107
446,Jehu,Gladstone,jgladstonecd@icio.us,Male,35.55.113.239
447,Andy,Giovanizio,agiovanizioce@mayoclinic.com,Male,57.243.91.154
448,Karissa,Cheyney,kcheyneycf@cdbaby.com,Female,84.184.8.42
449,Vickie,McClune,vmcclunecg@bloglines.com,Female,108.223.139.227
450,Chelsy,Quest,cquestch@who.int,Female,239.217.250.17
451,Sterne,Farmer,sfarmerci@about.me,Male,120.209.11.5
452,Errick,Durnford,edurnfordcj@vkontakte.ru,Male,249.65.54.157
453,Devi,Bradane,dbradaneck@cbc.ca,Female,50.85.207.240
454,Jermaine,Knightsbridge,jknightsbridgecl@wunderground.com,Male,23.4.238.244
455,Eben,Ales0,ealescm@apple.com,Male,183.163.177.23
456,Amalle,Iskowicz,aiskowiczcn@homestead.com,Female,128.55.199.136
457,Gerik,Boarer,gboarerco@diigo.com,Male,71.106.132.81
458,Margo,Rickertsen,mrickertsencp@ifeng.com,Female,148.198.30.20
459,Brady,Daughton,bdaughtoncq@opensource.org,Male,191.40.28.215
460,Faustina,Mudd,fmuddcr@macromedia.com,Genderfluid,31.236.55.234
461,Giorgio,Demangel,gdemangelcs@51.la,Male,73.25.152.2
462,Kora,Asipenko,kasipenkoct@cbsnews.com,Female,202.245.42.136
463,Carina,Sampey,csampeycu@google.ca,Female,212.25.204.240
464,Ryun,Okill,rokillcv@weebly.com,Male,168.249.192.142
465,Rebekkah,Barnwill,rbarnwillcw@dyndns.org,Female,71.50.0.167
466,Krissie,Fosbraey,kfosbraeycx@adobe.com,Female,184.249.2.85
467,Ambur,Kellitt,akellittcy@tripod.com,Polygender,173.203.157.74
468,Ag,Pridham,apridhamcz@linkedin.com,Female,56.3.195.197
469,Meghan,Southcoat,msouthcoatd0@state.tx.us,Female,103.20.196.106
470,Fonsie,Siverns,fsivernsd1@nationalgeographic.com,Male,215.55.254.76
471,Karylin,Hartup,khartupd2@domainmarket.com,Female,29.25.213.157
472,Danny,Shapiro,dshapirod3@hatena.ne.jp,Female,75.254.207.192
473,Milton,Quantrell,mquantrelld4@sakura.ne.jp,Male,2.156.150.244
474,Jesselyn,Trayhorn,jtrayhornd5@cocolog-nifty.com,Female,231.56.56.246
475,Kalvin,Linscott,klinscottd6@oracle.com,Male,159.151.228.61
476,Shanan,Thewys,sthewysd7@yandex.ru,Male,106.55.116.181
477,Poppy,Bye,pbyed8@fastcompany.com,Female,120.84.254.111
478,Emeline,Logan,elogand9@odnoklassniki.ru,Female,194.198.0.183
479,Esta,Ivakhno,eivakhnoda@usda.gov,Female,175.203.33.248
480,Noam,Yakovliv,nyakovlivdb@myspace.com,Male,31.157.105.193
481,Karol,Tanswill,ktanswilldc@infoseek.co.jp,Female,140.112.227.116
482,Shoshana,Baldwin,sbaldwindd@wsj.com,Female,23.65.194.87
483,Alair,Ox,aoxde@google.com.au,Male,190.45.126.135
484,Rutherford,Maggs,rmaggsdf@macromedia.com,Male,32.247.86.74
485,Locke,Tummond,ltummonddg@smh.com.au,Male,88.15.127.123
486,Hebert,Ca,hcadh@mediafire.com,Male,66.47.20.6
487,Heidie,Heilds,hheildsdi@ebay.co.uk,Genderqueer,9.166.19.71
488,Cordie,McCarroll,cmccarrolldj@cargocollective.com,Female,159.151.172.213
489,Lotta,Sergison,lsergisondk@imageshack.us,Female,205.231.41.217
490,Lorrin,Lindblom,llindblomdl@vinaora.com,Female,71.249.178.105
491,Averell,Saffon,asaffondm@scribd.com,Male,112.201.34.161
492,Ced,Scedall,cscedalldn@admin.ch,Male,41.16.128.73
493,Tyrone,Hinnerk,thinnerkdo@psu.edu,Male,153.19.238.163
494,Aguistin,Iacopetti,aiacopettidp@drupal.org,Male,221.45.177.227
495,Dewain,Cant,dcantdq@soundcloud.com,Male,29.159.105.143
496,Zorah,Frick,zfrickdr@engadget.com,Female,54.131.113.66
497,Atlanta,Stranaghan,astranaghands@yellowpages.com,Female,188.89.124.55
498,Pancho,Weathey,pweatheydt@wikispaces.com,Male,187.142.86.63
499,Frannie,Szymonwicz,fszymonwiczdu@reverbnation.com,Female,172.14.187.10
500,Catriona,Neillans,cneillansdv@godaddy.com,Female,66.254.189.30
501,Ginelle,Richardon,grichardondw@nhs.uk,Female,75.228.225.180
502,Dale,Scarce,dscarcedx@acquirethisname.com,Male,160.47.255.215
503,Gracia,Skirven,gskirvendy@naver.com,Female,55.205.114.221
504,Suzi,Kaye,skayedz@psu.edu,Female,37.164.56.161
505,Jereme,Gilders,jgilderse0@storify.com,Male,197.172.223.86
506,Feodor,Glavis,fglavise1@pen.io,Male,60.197.176.142
507,Terra,Dannohl,tdannohle2@topsy.com,Female,125.34.177.112
508,Birch,Musslewhite,bmusslewhitee3@ovh.net,Agender,63.211.144.117
509,Milissent,Littrick,mlittricke4@addthis.com,Female,156.201.109.246
510,Wallas,Garrick,wgarricke5@plala.or.jp,Male,254.28.149.11
511,Rhetta,Yashanov,ryashanove6@surveymonkey.com,Female,2.212.24.24
512,Arabelle,La Rosa,alarosae7@usnews.com,Female,201.176.163.102
513,Iormina,Barrable,ibarrablee8@illinois.edu,Female,68.139.6.254
514,Angelico,O'Kelly,aokellye9@sun.com,Male,20.46.148.188
515,Nils,Latey,nlateyea@wired.com,Male,47.93.56.81
516,Guntar,Scrinage,gscrinageeb@constantcontact.com,Male,211.183.214.180
517,Demetre,Mighele,dmigheleec@facebook.com,Male,25.6.154.138
518,Heinrick,O'Hederscoll,hohederscolled@businessweek.com,Male,111.124.54.204
519,Chrissy,Cady,ccadyee@examiner.com,Female,105.76.110.150
520,Ashley,Testro,atestroef@bluehost.com,Male,93.134.246.235
521,Dilly,Clute,dcluteeg@google.com.au,Male,217.201.111.184
522,Fianna,Clarkin,fclarkineh@chicagotribune.com,Female,221.150.229.61
523,Ly,Whillock,lwhillockei@ft.com,Male,63.46.1.237
524,Stephen,Keets,skeetsej@merriam-webster.com,Male,245.22.138.51
525,Codi,Sartin,csartinek@mozilla.org,Polygender,200.13.127.83
526,Reube,Finnes,rfinnesel@booking.com,Male,73.10.197.41
527,Tobe,Bonafant,tbonafantem@google.cn,Female,144.171.245.153
528,Oliviero,MacHarg,omachargen@joomla.org,Male,134.53.137.88
529,Francoise,Spurr,fspurreo@goodreads.com,Female,172.16.139.249
530,Danya,Joddins,djoddinsep@github.io,Genderqueer,250.244.118.76
531,Franny,Conti,fcontieq@linkedin.com,Non-binary,172.101.11.3
532,Hillary,Sturror,hsturrorer@people.com.cn,Female,19.229.182.114
533,Johna,Fellon,jfellones@amazonaws.com,Female,76.113.50.111
534,Christiano,Alexandre,calexandreet@timesonline.co.uk,Male,10.55.128.201
535,Florian,Pohling,fpohlingeu@scientificamerican.com,Male,225.145.152.223
536,Beniamino,De Miranda,bdemirandaev@guardian.co.uk,Male,112.78.161.139
537,Dennet,Garvagh,dgarvaghew@deviantart.com,Male,254.182.14.143
538,Homere,Skitterel,hskitterelex@comcast.net,Male,176.141.60.238
539,Harv,Comford,hcomfordey@hhs.gov,Male,134.163.204.125
540,Cristie,Arpe,carpeez@cpanel.net,Female,114.249.249.187
541,Eric,Higgoe,ehiggoef0@tripod.com,Male,244.133.194.166
542,Ive,Puckett,ipuckettf1@tiny.cc,Bigender,183.121.49.255
543,Georgianne,Linton,glintonf2@hp.com,Female,2.31.144.144
544,Ferdie,Hunnicot,fhunnicotf3@artisteer.com,Non-binary,147.216.114.63
545,Adara,Bock,abockf4@google.de,Agender,178.198.163.200
546,Prescott,Youles,pyoulesf5@vistaprint.com,Male,68.83.27.67
547,Lynnet,Allibon,lallibonf6@bluehost.com,Female,193.110.124.27
548,Elinore,Launder,elaunderf7@economist.com,Female,248.20.222.100
549,Fianna,Lebell,flebellf8@ustream.tv,Female,80.103.92.89
550,Ruttger,Jacklings,rjacklingsf9@dropbox.com,Male,237.251.83.157
551,Georgia,MacAndrew,gmacandrewfa@fda.gov,Female,225.227.205.208
552,Jefferson,Toun,jtounfb@un.org,Male,252.231.61.12
553,Marv,Kemitt,mkemittfc@people.com.cn,Male,162.202.163.176
554,Cull,Gilphillan,cgilphillanfd@abc.net.au,Male,123.1.133.172
555,Oliviero,Comport,ocomportfe@fastcompany.com,Bigender,206.12.12.135
556,Jacynth,Romera,jromeraff@instagram.com,Female,168.112.133.22
557,Francine,Rolfo,frolfofg@xrea.com,Female,125.210.159.25
558,Rhett,Lugton,rlugtonfh@usatoday.com,Male,254.222.221.119
559,Merna,Brotherhood,mbrotherhoodfi@berkeley.edu,Female,60.210.116.104
560,Jacky,Minerdo,jminerdofj@smh.com.au,Female,207.107.46.180
561,Any,Bendle,abendlefk@netlog.com,Male,110.67.145.56
562,Ellyn,Randals,erandalsfl@msu.edu,Female,238.2.44.111
563,Jorgan,Vanichkin,jvanichkinfm@springer.com,Male,74.38.34.98
564,Dante,Hagley,dhagleyfn@reverbnation.com,Male,65.227.248.108
565,Morley,Kubasiewicz,mkubasiewiczfo@etsy.com,Male,230.114.2.226
566,Harcourt,Ambrosch,hambroschfp@creativecommons.org,Male,38.237.131.43
567,Lenka,Donaher,ldonaherfq@latimes.com,Female,235.195.71.183
568,Stefano,Scadden,sscaddenfr@shutterfly.com,Male,129.243.37.212
569,Vicky,McKenna,vmckennafs@exblog.jp,Female,173.114.20.56
570,Marietta,Frickey,mfrickeyft@smugmug.com,Male,207.221.19.103
571,Hussein,Daughtery,hdaughteryfu@cbsnews.com,Male,48.201.37.136
572,Annalee,Wogden,awogdenfv@mozilla.com,Female,80.183.249.235
573,Maddy,Dedham,mdedhamfw@vkontakte.ru,Male,73.47.81.86
574,Lothario,Jakeman,ljakemanfx@independent.co.uk,Male,173.245.128.100
575,Bunny,Newbigging,bnewbiggingfy@lulu.com,Female,195.199.95.196
576,Claudina,Comsty,ccomstyfz@opera.com,Female,93.3.252.127
577,Gianni,Le Hucquet,glehucquetg0@google.co.jp,Male,178.113.88.150
578,Tatum,Bemlott,tbemlottg1@hp.com,Female,77.255.10.149
579,Ibrahim,Danis,idanisg2@archive.org,Male,1.202.52.152
580,Ermanno,Roarty,eroartyg3@imgur.com,Male,62.5.132.179
581,Michail,Bickley,mbickleyg4@psu.edu,Male,168.118.105.68
582,Rosy,Shotter,rshotterg5@nationalgeographic.com,Female,88.172.66.184
583,Konstanze,Knowlden,kknowldeng6@wufoo.com,Female,81.102.58.241
584,Denni,Jados,djadosg7@jugem.jp,Female,187.146.246.92
585,Dewain,Aymes,daymesg8@adobe.com,Male,177.159.102.23
586,Jens,Mellody,jmellodyg9@sciencedaily.com,Male,16.244.147.165
587,Diana,Davidoff,ddavidoffga@cocolog-nifty.com,Female,0.81.47.160
588,Aeriell,Reggler,aregglergb@geocities.jp,Female,173.245.240.206
589,Merola,Vokes,mvokesgc@g.co,Female,90.243.44.54
590,Lynnette,Wooffinden,lwooffindengd@dedecms.com,Female,106.175.129.136
591,Maia,Wolfarth,mwolfarthge@macromedia.com,Female,81.150.181.66
592,Bobinette,Haye,bhayegf@behance.net,Agender,145.199.239.246
593,Maurine,Mayoh,mmayohgg@mediafire.com,Female,83.197.47.162
594,Eddy,Andras,eandrasgh@de.vu,Female,36.1.11.40
595,Alistair,Arrigucci,aarriguccigi@godaddy.com,Non-binary,219.218.169.38
596,Gregoire,Barks,gbarksgj@technorati.com,Male,180.64.3.102
597,Ibrahim,Yegorovnin,iyegorovningk@marriott.com,Male,201.202.144.191
598,Gale,Moorwood,gmoorwoodgl@mapy.cz,Male,39.236.97.52
599,Jeddy,Crowdace,jcrowdacegm@opensource.org,Male,156.226.186.73
600,Nicola,Bisacre,nbisacregn@hubpages.com,Male,70.78.10.50
601,Winna,Seeman,wseemango@qq.com,Female,83.226.9.158
602,Morissa,Jacobsohn,mjacobsohngp@earthlink.net,Female,188.32.202.209
603,Jason,Normaville,jnormavillegq@amazon.de,Male,121.210.19.35
604,Jarrad,Deeks,jdeeksgr@amazon.com,Male,22.168.90.58
605,Carmita,Smaling,csmalinggs@paypal.com,Female,118.253.72.205
606,Annabel,Helsby,ahelsbygt@ovh.net,Female,127.174.97.146
607,Harbert,Laverty,hlavertygu@lycos.com,Male,125.151.131.219
608,Madeline,Marskell,mmarskellgv@ovh.net,Female,235.253.142.213
609,Davina,Carling,dcarlinggw@digg.com,Female,133.193.253.79
610,Mame,Breissan,mbreissangx@mlb.com,Female,197.228.170.61
611,Agace,De Courtney,adecourtneygy@thetimes.co.uk,Genderfluid,156.88.82.63
612,Ced,Alejo,calejogz@163.com,Non-binary,56.78.253.83
613,Odette,Ring,oringh0@cloudflare.com,Female,36.127.144.13
614,Babbette,Tomaino,btomainoh1@cnbc.com,Female,95.128.209.188
615,Clement,Abrahamoff,cabrahamoffh2@theatlantic.com,Male,30.214.231.53
616,Antonie,Faulks,afaulksh3@mail.ru,Non-binary,58.128.40.48
617,Gigi,Glasson,gglassonh4@cyberchimps.com,Bigender,245.176.158.38
618,Brittany,Gallihaulk,bgallihaulkh5@nih.gov,Female,221.201.37.202
619,Elizabeth,Grigorian,egrigorianh6@theguardian.com,Female,251.203.138.249
620,Ancell,Cleife,acleifeh7@hubpages.com,Male,169.154.161.22
621,Lauraine,Trunby,ltrunbyh8@rambler.ru,Female,79.209.86.43
622,Orrin,Franies,ofraniesh9@moonfruit.com,Male,45.48.2.19
623,Isidora,MacFaell,imacfaellha@hexun.com,Female,138.77.77.97
624,Franny,Jayes,fjayeshb@bbb.org,Male,205.210.97.221
625,Kameko,Drinkeld,kdrinkeldhc@example.com,Female,26.17.250.91
626,Gardner,Denington,gdeningtonhd@spiegel.de,Male,148.82.118.240
627,Kendal,Holyland,kholylandhe@ed.gov,Male,152.97.135.13
628,Antonius,Tick,atickhf@wiley.com,Male,80.175.145.115
629,Marjory,Callway,mcallwayhg@gizmodo.com,Female,27.135.103.116
630,Catie,Tout,ctouthh@aol.com,Female,84.88.196.124
631,Orbadiah,Espinay,oespinayhi@histats.com,Male,230.249.205.14
632,Doll,Drane,ddranehj@friendfeed.com,Female,173.227.129.142
633,Tate,Huntall,thuntallhk@blinklist.com,Male,181.132.248.79
634,Allys,Kidder,akidderhl@chron.com,Female,126.124.21.147
635,Shawn,Barhem,sbarhemhm@intel.com,Agender,150.30.150.115
636,Shepard,Sketh,sskethhn@cargocollective.com,Male,6.102.176.55
637,Mignonne,Ausello,mauselloho@eepurl.com,Female,218.36.233.244
638,Miquela,Nutbrown,mnutbrownhp@tiny.cc,Female,132.118.82.190
639,Brant,Chastaing,bchastainghq@facebook.com,Male,82.185.212.178
640,Nerte,Dando,ndandohr@dell.com,Female,145.212.240.64
641,Parsifal,Blaxlande,pblaxlandehs@yandex.ru,Male,54.251.183.129
642,Phyllida,Domesday,pdomesdayht@canalblog.com,Female,141.248.39.116
643,Stevy,Faithorn,sfaithornhu@narod.ru,Male,127.177.38.193
644,May,Ashwell,mashwellhv@uiuc.edu,Female,231.60.222.198
645,Dacey,Delgadillo,ddelgadillohw@dailymotion.com,Female,243.212.194.194
646,Mick,Gurry,mgurryhx@phoca.cz,Male,186.131.8.148
647,Luz,Tilson,ltilsonhy@vinaora.com,Female,25.238.117.212
648,Roley,Hassur,rhassurhz@bigcartel.com,Male,49.129.159.116
649,Harland,Reek,hreeki0@reuters.com,Male,90.170.249.68
650,Gaultiero,Klain,gklaini1@biblegateway.com,Male,8.104.134.252
651,Maureene,Portwaine,mportwainei2@gnu.org,Female,8.191.133.18
652,Yvor,Allum,yallumi3@gnu.org,Male,39.133.75.242
653,Tanya,Adnett,tadnetti4@abc.net.au,Female,39.13.117.25
654,Alessandra,Thew,athewi5@elpais.com,Female,224.197.55.41
655,Eve,Ryott,eryotti6@virginia.edu,Female,215.14.217.12
656,Xymenes,Hillburn,xhillburni7@amazon.com,Male,120.182.138.246
657,Brannon,Fraser,bfraseri8@delicious.com,Agender,30.166.4.212
658,Grady,Worner,gworneri9@virginia.edu,Male,84.161.114.45
659,Brady,Pedwell,bpedwellia@etsy.com,Male,129.248.61.208
660,Fan,Boylin,fboylinib@biblegateway.com,Female,173.163.247.192
661,Moss,Realff,mrealffic@webeden.co.uk,Male,214.53.180.72
662,Chastity,Betty,cbettyid@ask.com,Female,97.21.169.2
663,Koren,Cadney,kcadneyie@europa.eu,Female,231.185.3.196
664,Pincus,Clemes,pclemesif@skype.com,Male,253.18.81.161
665,Putnam,D'Onise,pdoniseig@cmu.edu,Male,27.33.24.164
666,Bearnard,Duddy,bduddyih@comsenz.com,Male,50.254.139.224
667,Alethea,Golsthorp,agolsthorpii@google.nl,Female,82.35.175.178
668,Bogey,Petters,bpettersij@opensource.org,Male,104.142.106.9
669,Sanford,Eakin,seakinik@simplemachines.org,Non-binary,13.241.111.207
670,Morrie,Eim,meimil@washington.edu,Male,66.181.235.68
671,Briggs,Veall,bveallim@woothemes.com,Male,147.239.68.47
672,Danielle,Prevett,dprevettin@who.int,Female,174.236.128.162
673,Carmon,La Rosa,clarosaio@privacy.gov.au,Female,162.122.181.144
674,Marten,Fernie,mfernieip@addthis.com,Male,4.136.225.111
675,Cleo,Piens,cpiensiq@slideshare.net,Female,92.218.1.33
676,Frieda,Philimore,fphilimoreir@wisc.edu,Genderfluid,6.197.82.242
677,Jason,Falls,jfallsis@tripod.com,Male,236.33.176.186
678,Alvie,Hakes,ahakesit@tamu.edu,Male,121.45.88.167
679,Margarethe,Boss,mbossiu@tripod.com,Female,219.227.107.98
680,Bealle,Killner,bkillneriv@hibu.com,Male,255.64.218.155
681,Augustus,Francesconi,afrancesconiiw@sitemeter.com,Male,99.85.167.157
682,Nana,Skeel,nskeelix@wisc.edu,Female,94.77.35.210
683,Conny,Nock,cnockiy@multiply.com,Female,46.164.13.243
684,Tess,Godehard.sf,tgodehardsfiz@imdb.com,Female,22.75.47.240
685,Davidde,Le Page,dlepagej0@dailymail.co.uk,Male,27.242.251.73
686,Gareth,Adolthine,gadolthinej1@lulu.com,Polygender,134.135.38.198
687,Skell,Haresnaip,sharesnaipj2@gizmodo.com,Male,241.143.105.215
688,Bartie,MacAllaster,bmacallasterj3@issuu.com,Male,226.49.1.133
689,Loree,Powrie,lpowriej4@cloudflare.com,Female,177.95.252.21
690,Teodoro,Mangin,tmanginj5@businessweek.com,Male,168.75.78.19
691,Gae,Curgenven,gcurgenvenj6@nih.gov,Female,28.193.195.232
692,Franciska,Cammock,fcammockj7@live.com,Female,250.85.183.234
693,Marc,Perroni,mperronij8@squidoo.com,Male,203.53.11.87
694,Derrick,Mendenhall,dmendenhallj9@acquirethisname.com,Male,46.176.72.209
695,Rolf,Tyndall,rtyndallja@example.com,Male,155.21.37.108
696,Elora,Giacubbo,egiacubbojb@sciencedirect.com,Female,206.55.98.15
697,Graeme,Burchill,gburchilljc@odnoklassniki.ru,Male,194.160.214.144
698,Ring,Rothermel,rrothermeljd@people.com.cn,Male,155.100.1.199
699,Tanner,Androli,tandrolije@ehow.com,Male,158.207.74.65
700,Reeba,Harms,rharmsjf@businessweek.com,Female,176.71.50.115
701,Coral,Baxstair,cbaxstairjg@state.tx.us,Female,130.250.52.53
702,Joete,Bearn,jbearnjh@ucla.edu,Female,110.145.54.49
703,Karel,Cawtheray,kcawtherayji@admin.ch,Female,75.34.130.218
704,Hershel,Gething,hgethingjj@devhub.com,Male,60.109.208.168
705,Nathaniel,Slides,nslidesjk@ihg.com,Male,141.152.183.78
706,Yolanthe,Bellanger,ybellangerjl@engadget.com,Female,94.98.165.34
707,Izaak,McTaggart,imctaggartjm@toplist.cz,Male,8.46.228.157
708,Sarette,Dreger,sdregerjn@moonfruit.com,Female,191.238.81.242
709,Dana,Sutherns,dsuthernsjo@smugmug.com,Male,189.205.35.71
710,Rolfe,Klasing,rklasingjp@gizmodo.com,Male,237.103.26.234
711,Krispin,Morrell,kmorrelljq@apache.org,Male,160.213.129.153
712,Rurik,Winger,rwingerjr@harvard.edu,Male,55.46.97.245
713,Sara,Hefforde,sheffordejs@yandex.ru,Female,104.114.78.127
714,Shirline,Despenser,sdespenserjt@infoseek.co.jp,Female,28.76.18.132
715,Freddie,McConnell,fmcconnellju@domainmarket.com,Male,146.89.82.246
716,Linc,Dalliwatr,ldalliwatrjv@chronoengine.com,Male,244.115.72.30
717,Justus,Paudin,jpaudinjw@marriott.com,Male,246.142.142.135
718,Gilbertina,Armytage,garmytagejx@gnu.org,Female,200.242.212.205
719,Bevvy,Shore,bshorejy@nasa.gov,Female,71.59.31.155
720,Fabian,Muldrew,fmuldrewjz@rakuten.co.jp,Male,145.24.45.111
721,Shane,Smithson,ssmithsonk0@bbb.org,Female,207.197.157.61
722,Roda,Winterburn,rwinterburnk1@fc2.com,Female,210.77.185.145
723,Brennan,Tibbs,btibbsk2@bravesites.com,Male,222.143.161.212
724,Gerta,Dinnies,gdinniesk3@time.com,Female,205.124.230.151
725,Eden,Bresland,ebreslandk4@prlog.org,Female,117.207.171.47
726,Northrop,Wiz,nwizk5@google.co.jp,Male,45.233.127.62
727,Reggie,Lacotte,rlacottek6@zimbio.com,Female,66.246.12.71
728,Obadias,Bugby,obugbyk7@google.co.uk,Male,31.5.33.229
729,Ulrike,Hovee,uhoveek8@hp.com,Female,7.236.152.93
730,Hiram,Chatband,hchatbandk9@pinterest.com,Male,114.129.164.20
731,Parke,Legon,plegonka@flavors.me,Male,194.163.90.64
732,Aurelie,Poytres,apoytreskb@noaa.gov,Female,161.139.168.26
733,Belle,Donativo,bdonativokc@uiuc.edu,Female,10.107.179.79
734,Dexter,Rossey,drosseykd@ustream.tv,Genderqueer,223.180.111.128
735,Felic,Ridger,fridgerke@google.com.au,Male,237.3.201.121
736,Elise,Daice,edaicekf@zimbio.com,Female,183.39.61.74
737,Cullan,Bruckmann,cbruckmannkg@washington.edu,Male,109.28.214.179
738,Amy,Grandisson,agrandissonkh@themeforest.net,Female,203.133.240.31
739,Gwen,Pudsall,gpudsallki@simplemachines.org,Female,63.222.176.90
740,Marven,Paull,mpaullkj@tumblr.com,Male,120.130.163.165
741,Leonie,Sabbatier,lsabbatierkk@google.ru,Female,189.185.131.42
742,Costanza,Ellsworthe,cellsworthekl@qq.com,Female,240.59.151.209
743,Scotti,Orton,sortonkm@csmonitor.com,Male,102.22.249.98
744,Fina,Muge,fmugekn@vimeo.com,Female,66.245.214.62
745,Edgardo,Telling,etellingko@dailymail.co.uk,Male,42.206.171.157
746,Pace,Dargue,pdarguekp@yale.edu,Male,42.238.110.149
747,Kati,Milley,kmilleykq@ameblo.jp,Female,43.79.114.174
748,Miles,Dufoure,mdufourekr@prlog.org,Male,54.148.245.26
749,Mattie,Haseldine,mhaseldineks@pagesperso-orange.fr,Male,133.230.134.50
750,Cammy,Trevenu,ctrevenukt@chronoengine.com,Agender,222.149.25.16
751,Jamison,Smale,jsmaleku@nbcnews.com,Male,13.202.34.13
752,Welbie,Frichley,wfrichleykv@symantec.com,Male,187.63.128.248
753,Gabriello,Tigwell,gtigwellkw@ning.com,Male,44.66.255.219
754,Brianne,Tabor,btaborkx@tripod.com,Female,98.246.230.147
755,Reine,Lofts,rloftsky@multiply.com,Female,4.136.153.201
756,Meg,Jowling,mjowlingkz@state.tx.us,Female,0.142.132.98
757,Codi,Hessing,chessingl0@nsw.gov.au,Male,147.14.24.231
758,Wileen,Urlin,wurlinl1@example.com,Female,81.101.145.46
759,Artie,Burroughes,aburroughesl2@princeton.edu,Male,151.240.186.50
760,Carie,Mateja,cmatejal3@tripadvisor.com,Female,11.146.70.32
761,Kendricks,Hugli,khuglil4@wisc.edu,Genderfluid,45.219.54.83
762,Phyllis,Cheese,pcheesel5@aboutads.info,Female,180.229.12.2
763,Alfy,Billington,abillingtonl6@jimdo.com,Male,39.236.199.69
764,Wells,Naptine,wnaptinel7@ocn.ne.jp,Male,18.173.10.109
765,Ethelyn,Kimblen,ekimblenl8@rambler.ru,Female,27.195.194.116
766,Miguelita,Larman,mlarmanl9@netscape.com,Female,113.251.2.131
767,Dedra,Tarbet,dtarbetla@hibu.com,Female,184.62.94.160
768,Jessie,Durnan,jdurnanlb@auda.org.au,Male,242.63.147.222
769,Corbet,Girardey,cgirardeylc@sogou.com,Male,47.213.145.86
770,Philippa,Antonioni,pantonionild@lycos.com,Female,236.198.233.219
771,Nate,Janjusevic,njanjusevicle@redcross.org,Male,39.246.212.18
772,Rockie,Brabbs,rbrabbslf@posterous.com,Male,62.121.142.240
773,Fairlie,Tilford,ftilfordlg@alexa.com,Male,201.177.158.19
774,Aldon,Popworth,apopworthlh@comcast.net,Male,123.92.120.113
775,Angela,Fair,afairli@soundcloud.com,Female,119.38.81.235
776,Shanan,Dedenham,sdedenhamlj@google.co.jp,Male,109.61.240.36
777,Bryna,Rableau,brableaulk@java.com,Female,170.205.155.191
778,Norine,Grzeszczak,ngrzeszczakll@ucla.edu,Female,2.116.99.156
779,Odele,Boydle,oboydlelm@last.fm,Female,250.35.144.153
780,Felicle,Josephi,fjosephiln@seattletimes.com,Female,55.208.248.247
781,Dory,Loy,dloylo@instagram.com,Female,149.112.163.177
782,Ema,Bengtsson,ebengtssonlp@geocities.jp,Bigender,64.71.236.233
783,Eartha,Gelland,egellandlq@independent.co.uk,Female,15.229.85.21
784,Inigo,Jozsika,ijozsikalr@tumblr.com,Male,116.253.140.40
785,Helaine,Barringer,hbarringerls@digg.com,Female,48.228.226.187
786,Rayner,Flecknoe,rflecknoelt@purevolume.com,Male,20.82.42.217
787,Palmer,Melato,pmelatolu@army.mil,Male,166.74.72.14
788,Jo-ann,Borland,jborlandlv@liveinternet.ru,Female,168.54.231.95
789,Duke,Leyson,dleysonlw@imageshack.us,Male,224.120.122.90
790,Granville,Broe,gbroelx@macromedia.com,Male,97.162.169.207
791,Ralf,deKnevet,rdeknevetly@google.de,Male,119.139.2.173
792,Addi,Ruck,arucklz@liveinternet.ru,Female,116.0.217.196
793,Desdemona,Orpin,dorpinm0@is.gd,Female,8.42.136.212
794,Katti,Blacklidge,kblacklidgem1@ucsd.edu,Female,105.131.26.83
795,Hollis,Medcalf,hmedcalfm2@taobao.com,Male,218.57.230.147
796,Eugenius,MacLleese,emaclleesem3@xing.com,Male,130.225.194.5
797,Marji,Scini,mscinim4@discuz.net,Female,229.212.202.161
798,Kettie,Gerriet,kgerrietm5@time.com,Female,138.198.159.17
799,Ase,Capps,acappsm6@slideshare.net,Genderfluid,158.83.139.176
800,Lisabeth,Sinisbury,lsinisburym7@woothemes.com,Agender,16.97.184.193
801,Mervin,Pudsey,mpudseym8@go.com,Male,28.104.66.183
802,Rosalinde,Gagin,rgaginm9@weebly.com,Female,123.36.186.13
803,Boone,Pitkeathly,bpitkeathlyma@hp.com,Male,137.196.120.45
804,Erinna,Haken,ehakenmb@cocolog-nifty.com,Female,48.6.146.128
805,Sheffie,Gwyer,sgwyermc@wisc.edu,Male,173.151.144.84
806,Moises,Wivell,mwivellmd@illinois.edu,Male,193.184.218.190
807,Walsh,O'Sculley,wosculleyme@hostgator.com,Male,189.79.145.177
808,Sutton,Batson,sbatsonmf@skyrock.com,Male,67.210.47.219
809,Mariana,Bruin,mbruinmg@omniture.com,Female,185.98.11.183
810,Dorris,Itzkovwitch,ditzkovwitchmh@yahoo.com,Non-binary,75.55.206.229
811,Rawley,Oxtarby,roxtarbymi@spiegel.de,Male,139.61.46.30
812,Boonie,Schust,bschustmj@friendfeed.com,Genderfluid,27.255.230.141
813,Catlin,MacCrossan,cmaccrossanmk@gov.uk,Female,186.24.243.241
814,Vanya,Studdal,vstuddalml@list-manage.com,Male,247.248.40.51
815,Aretha,Mucklestone,amucklestonemm@weather.com,Agender,83.124.29.194
816,Daryn,Minifie,dminifiemn@mapquest.com,Genderfluid,220.172.113.125
817,Geneva,Measor,gmeasormo@blog.com,Female,126.28.206.85
818,Jarvis,Clewes,jclewesmp@businessinsider.com,Male,129.153.11.54
819,Marleah,Moubray,mmoubraymq@auda.org.au,Bigender,206.59.102.131
820,Shelba,Ruzic,sruzicmr@blogs.com,Female,7.8.128.154
821,Alexandre,Handke,ahandkems@cargocollective.com,Male,46.232.91.44
822,Maddy,Warwick,mwarwickmt@bandcamp.com,Male,17.147.13.247
823,Nicoli,Musicka,nmusickamu@columbia.edu,Female,182.44.177.184
824,Aeriell,Ginnety,aginnetymv@google.co.jp,Female,197.252.99.199
825,Tobe,Rosbottom,trosbottommw@dailymail.co.uk,Male,39.82.254.230
826,Maurizia,Fellman,mfellmanmx@delicious.com,Genderfluid,3.35.80.239
827,Fidelio,Issacov,fissacovmy@ustream.tv,Male,71.131.29.59
828,Shurwood,Langham,slanghammz@amazon.co.jp,Male,49.248.200.57
829,Farleigh,Broy,fbroyn0@cnn.com,Male,167.7.114.188
830,Ulrick,Blasli,ublaslin1@reuters.com,Male,111.234.160.67
831,Kriste,Izkovici,kizkovicin2@cnet.com,Female,156.120.24.229
832,Jarid,Jahncke,jjahncken3@soup.io,Male,152.60.189.31
833,Berti,Schanke,bschanken4@ning.com,Male,20.96.175.104
834,Janna,Duester,jduestern5@google.de,Female,141.189.75.197
835,Minette,Kerrey,mkerreyn6@simplemachines.org,Genderqueer,167.130.81.226
836,Joell,Iiannoni,jiiannonin7@vistaprint.com,Female,221.116.64.204
837,Melinda,Francioli,mfranciolin8@mapquest.com,Female,97.162.56.25
838,Ervin,Kummerlowe,ekummerlowen9@sbwire.com,Male,90.232.18.191
839,Nedi,Chaplyn,nchaplynna@whitehouse.gov,Female,247.25.139.166
840,Scotti,Deelay,sdeelaynb@nhs.uk,Male,131.119.43.159
841,Donavon,Decreuze,ddecreuzenc@state.gov,Male,213.78.44.6
842,Gustav,Deppen,gdeppennd@utexas.edu,Male,154.10.102.162
843,Wallis,Baack,wbaackne@csmonitor.com,Male,78.18.147.181
844,Emmery,Pickaver,epickavernf@a8.net,Male,62.96.150.34
845,Nanon,Ible,nibleng@admin.ch,Female,228.202.2.72
846,Tandy,Delahunty,tdelahuntynh@wikipedia.org,Female,107.130.216.81
847,Timmie,Asaaf,tasaafni@cam.ac.uk,Male,136.151.237.251
848,Cloe,Selborne,cselbornenj@dion.ne.jp,Agender,22.17.34.146
849,Bayard,Klaiser,bklaisernk@ftc.gov,Agender,120.162.136.233
850,Gayleen,Symcock,gsymcocknl@elpais.com,Female,121.31.155.135
851,Rawley,Ronci,rroncinm@mysql.com,Male,97.180.132.253
852,Magnum,Knuckles,mknucklesnn@ucla.edu,Male,140.168.225.23
853,Marleen,Brigg,mbriggno@latimes.com,Genderfluid,119.232.82.44
854,Martguerita,Shireff,mshireffnp@wordpress.org,Bigender,116.200.88.107
855,Maddy,McCreagh,mmccreaghnq@typepad.com,Female,202.53.251.22
856,Enid,Runge,erungenr@usa.gov,Female,137.235.67.66
857,Arabel,Pyser,apyserns@seattletimes.com,Female,97.158.170.42
858,Hobie,Joslyn,hjoslynnt@angelfire.com,Male,139.233.17.200
859,Giacinta,Springham,gspringhamnu@archive.org,Female,150.101.77.52
860,Nahum,Hemstead,nhemsteadnv@yellowbook.com,Male,208.203.203.230
861,Arnaldo,MacNamee,amacnameenw@tripadvisor.com,Male,200.113.41.186
862,Rozella,Braz,rbraznx@microsoft.com,Female,214.234.183.85
863,Gwenny,Cathrall,gcathrallny@who.int,Female,249.38.141.43
864,Billye,Jobson,bjobsonnz@163.com,Female,112.36.219.103
865,Alyce,Novelli,anovellio0@constantcontact.com,Female,67.129.173.37
866,Orran,Prahl,oprahlo1@nps.gov,Male,98.63.73.25
867,Hendrik,D'Onise,hdoniseo2@si.edu,Male,185.10.127.176
868,Brien,MacCauley,bmaccauleyo3@de.vu,Male,90.72.191.108
869,Anderson,McNirlan,amcnirlano4@omniture.com,Male,87.116.229.142
870,Jackquelin,Poleykett,jpoleyketto5@plala.or.jp,Female,28.215.49.27
871,Linoel,Mayler,lmaylero6@uol.com.br,Male,138.91.230.226
872,Marlie,McIlharga,mmcilhargao7@ibm.com,Female,117.91.31.158
873,Conrad,Sandison,csandisono8@answers.com,Male,4.91.252.207
874,Berky,Hynd,bhyndo9@theglobeandmail.com,Male,211.169.225.138
875,Dedie,Treby,dtrebyoa@live.com,Female,39.225.142.100
876,Hephzibah,Dennison,hdennisonob@cargocollective.com,Female,173.134.157.78
877,Conrad,Dand,cdandoc@pagesperso-orange.fr,Bigender,50.141.46.43
878,Midge,McDoual,mmcdoualod@infoseek.co.jp,Female,91.6.50.9
879,Petra,Adrian,padrianoe@si.edu,Female,68.245.178.196
880,Camey,Stubley,cstubleyof@marriott.com,Bigender,182.245.37.234
881,Lloyd,Warn,lwarnog@123-reg.co.uk,Genderfluid,106.19.198.233
882,Jerrold,Voice,jvoiceoh@mysql.com,Male,96.228.81.212
883,Kira,Godmer,kgodmeroi@vistaprint.com,Female,15.111.134.77
884,Monique,Wort,mwortoj@histats.com,Female,58.131.22.47
885,Leanna,Carrett,lcarrettok@ucsd.edu,Female,156.55.168.67
886,Ernestus,Farnon,efarnonol@eventbrite.com,Male,220.129.108.41
887,Karlens,Few,kfewom@engadget.com,Male,78.127.130.99
888,Frazier,Dand,fdandon@goo.ne.jp,Male,142.147.175.35
889,Nicoli,Mascall,nmascalloo@amazon.com,Female,98.6.157.80
890,Merwyn,Nevin,mnevinop@about.me,Male,230.65.115.173
891,Brade,Dickson,bdicksonoq@msn.com,Male,186.48.109.101
892,Ber,Osgood,bosgoodor@123-reg.co.uk,Male,42.101.23.99
893,Jocelyn,Grumell,jgrumellos@huffingtonpost.com,Female,234.28.30.85
894,Hillel,Worsnap,hworsnapot@topsy.com,Male,170.43.108.25
895,Bili,Francescotti,bfrancescottiou@google.com.hk,Female,39.208.136.181
896,Natale,MacCaughen,nmaccaughenov@com.com,Male,243.227.56.119
897,Granger,Thunnercliff,gthunnercliffow@blogtalkradio.com,Male,168.136.92.223
898,Joey,Geffcock,jgeffcockox@whitehouse.gov,Female,141.114.82.180
899,Milka,Locock,mlocockoy@shutterfly.com,Female,244.23.159.157
900,Gertrud,Antill,gantilloz@imgur.com,Genderqueer,88.242.86.214
901,Gonzales,Garlick,ggarlickp0@vimeo.com,Male,119.239.47.197
902,Brook,Bartosiak,bbartosiakp1@ca.gov,Male,217.194.117.27
903,Gretel,Tunnacliffe,gtunnacliffep2@people.com.cn,Female,197.226.39.119
904,Boyd,Lewson,blewsonp3@reddit.com,Male,81.255.72.97
905,Bastien,Webling,bweblingp4@wunderground.com,Male,196.188.150.67
906,Blisse,Mussettini,bmussettinip5@ow.ly,Genderfluid,243.195.49.83
907,Patsy,Moncaster,pmoncasterp6@gnu.org,Non-binary,80.206.38.240
908,Charlot,Wallicker,cwallickerp7@ca.gov,Female,4.102.71.8
909,Ruggiero,Libreros,rlibrerosp8@wired.com,Male,91.139.100.247
910,Hendrika,Jagson,hjagsonp9@foxnews.com,Female,215.2.129.41
911,Teddi,Roger,trogerpa@xrea.com,Female,127.236.144.0
912,Rab,Driffill,rdriffillpb@apache.org,Male,211.23.124.44
913,Zacharias,Moreno,zmorenopc@myspace.com,Male,58.198.13.34
914,Arny,Morlon,amorlonpd@jugem.jp,Male,27.17.12.67
915,Ari,Timmons,atimmonspe@people.com.cn,Male,95.50.227.177
916,Dorie,Dallaghan,ddallaghanpf@is.gd,Male,225.138.200.218
917,Bernelle,Kirrage,bkirragepg@biglobe.ne.jp,Polygender,12.26.187.83
918,Clayborne,Bingham,cbinghamph@google.com.au,Non-binary,125.85.189.189
919,Sherman,Wallington,swallingtonpi@friendfeed.com,Male,144.172.177.117
920,Alyce,Bathersby,abathersbypj@squarespace.com,Female,148.13.226.102
921,Jone,Searchwell,jsearchwellpk@ocn.ne.jp,Bigender,251.173.196.58
922,Arleen,Bartoszewicz,abartoszewiczpl@sun.com,Female,217.205.25.221
923,Flo,Bonifant,fbonifantpm@phoca.cz,Female,91.114.219.248
924,Ivory,Twomey,itwomeypn@wp.com,Female,46.119.193.102
925,Veronique,Camacke,vcamackepo@upenn.edu,Female,18.180.124.246
926,Carce,Mattis,cmattispp@adobe.com,Male,93.71.134.81
927,Niles,Spire,nspirepq@sourceforge.net,Male,94.144.160.57
928,Ruthie,Cockshot,rcockshotpr@ebay.com,Agender,20.201.83.46
929,Minetta,Sparsholt,msparsholtps@ameblo.jp,Bigender,6.249.193.100
930,Shandra,Halbord,shalbordpt@live.com,Female,193.207.184.123
931,Lauraine,Behrendsen,lbehrendsenpu@is.gd,Non-binary,23.215.121.9
932,Thomas,Dener,tdenerpv@oakley.com,Male,151.4.116.212
933,Niven,Heinritz,nheinritzpw@pbs.org,Male,112.203.37.58
934,Holly,Lygoe,hlygoepx@yandex.ru,Agender,179.160.63.97
935,Diana,Parry,dparrypy@discovery.com,Female,151.38.177.236
936,Traver,Cowin,tcowinpz@gnu.org,Male,111.214.59.23
937,Gustaf,Beetles,gbeetlesq0@netscape.com,Male,120.32.253.233
938,Kippy,Thompsett,kthompsettq1@bigcartel.com,Male,25.110.223.163
939,Dagny,Greenly,dgreenlyq2@dailymail.co.uk,Male,164.145.165.23
940,Hayes,Reely,hreelyq3@stumbleupon.com,Male,54.55.231.123
941,Rollie,Redwing,rredwingq4@ucoz.ru,Male,25.227.15.190
942,Mikel,Panyer,mpanyerq5@phpbb.com,Male,224.240.100.22
943,Land,Torrejon,ltorrejonq6@google.com.au,Male,42.71.151.37
944,Annice,Etteridge,aetteridgeq7@hc360.com,Female,43.73.2.237
945,Lonnie,Hennemann,lhennemannq8@cnet.com,Male,56.249.130.54
946,Elise,Bunyan,ebunyanq9@shutterfly.com,Female,21.59.20.24
947,Lyn,Warsap,lwarsapqa@ezinearticles.com,Female,162.109.255.141
948,Helyn,Gilby,hgilbyqb@squidoo.com,Female,101.99.216.70
949,Reade,Callaway,rcallawayqc@nhs.uk,Non-binary,56.70.43.45
950,Crissie,Haizelden,chaizeldenqd@nhs.uk,Female,233.115.171.157
951,Noemi,Wyldish,nwyldishqe@studiopress.com,Female,130.147.230.50
952,Demetris,Biddle,dbiddleqf@ycombinator.com,Female,135.16.235.118
953,Daniel,Sawyer,dsawyerqg@slideshare.net,Male,31.12.221.69
954,Bert,Dicey,bdiceyqh@rediff.com,Male,222.161.54.102
955,Murray,Thewlis,mthewlisqi@unesco.org,Male,147.24.210.1
956,Wernher,Coite,wcoiteqj@w3.org,Male,71.196.35.30
957,Wayne,Ruscoe,wruscoeqk@unc.edu,Male,13.84.28.16
958,Rosette,Andric,randricql@nba.com,Female,39.252.169.170
959,Kain,Gooderson,kgoodersonqm@amazon.de,Male,112.193.197.255
960,Richardo,Deeson,rdeesonqn@tripod.com,Male,97.141.212.95
961,Engracia,Crunkhurn,ecrunkhurnqo@shinystat.com,Female,156.98.235.167
962,Rozella,Gilbane,rgilbaneqp@abc.net.au,Female,122.166.172.81
963,Nataniel,McReidy,nmcreidyqq@shop-pro.jp,Male,243.255.202.114
964,Zenia,Androsik,zandrosikqr@angelfire.com,Female,83.209.177.239
965,Dan,Wafer,dwaferqs@nature.com,Male,139.174.72.213
966,Ali,Neads,aneadsqt@hexun.com,Female,111.18.233.233
967,Earle,Walas,ewalasqu@posterous.com,Male,96.133.131.19
968,Boigie,Beuscher,bbeuscherqv@drupal.org,Male,11.112.178.32
969,Ruby,Slamaker,rslamakerqw@archive.org,Male,163.32.183.29
970,Smitty,Cubberley,scubberleyqx@dedecms.com,Male,245.13.23.20
971,Glenda,Killingworth,gkillingworthqy@angelfire.com,Female,10.249.144.219
972,Boniface,Colisbe,bcolisbeqz@unicef.org,Male,153.30.221.136
973,Avictor,Jeste,ajester0@npr.org,Male,47.210.93.205
974,Sharron,Krysztowczyk,skrysztowczykr1@networkadvertising.org,Female,49.172.77.144
975,Lynnelle,Bunn,lbunnr2@goodreads.com,Female,112.152.116.232
976,Riannon,Gooday,rgoodayr3@washington.edu,Female,91.148.123.121
977,Grant,Leathard,gleathardr4@gmpg.org,Male,35.193.251.10
978,Oneida,Fegan,ofeganr5@sogou.com,Female,224.141.74.1
979,Baily,Ingliby,binglibyr6@spiegel.de,Genderqueer,167.144.120.96
980,Julian,Finlan,jfinlanr7@ibm.com,Male,149.253.70.254
981,Margalit,Pasby,mpasbyr8@qq.com,Genderfluid,72.242.67.138
982,Aldus,Ruzicka,aruzickar9@ibm.com,Male,237.38.204.238
983,Othelia,Jowsey,ojowseyra@symantec.com,Female,247.216.146.80
984,Gerhard,Meggison,gmeggisonrb@google.ru,Male,55.22.11.29
985,Reine,Figgins,rfigginsrc@ucoz.ru,Female,214.236.130.75
986,Milty,Sollon,msollonrd@goo.ne.jp,Male,189.18.163.101
987,Northrop,Ollerhead,nollerheadre@ustream.tv,Male,104.198.143.134
988,Jerri,Marle,jmarlerf@mediafire.com,Male,111.126.177.203
989,Gian,Jollands,gjollandsrg@oaic.gov.au,Male,238.169.4.136
990,Willetta,Schrei,wschreirh@discovery.com,Female,15.209.255.148
991,Norbert,Dudlestone,ndudlestoneri@t-online.de,Male,144.126.157.85
992,Remy,McGrath,rmcgrathrj@devhub.com,Female,58.49.45.175
993,Ruttger,Castanone,rcastanonerk@mapquest.com,Male,217.102.218.249
994,Muhammad,Fassbender,mfassbenderrl@addtoany.com,Male,174.226.2.242
995,Lorne,Matonin,lmatoninrm@cafepress.com,Male,243.61.241.27
996,Farica,Barlass,fbarlassrn@flavors.me,Genderqueer,118.130.15.130
997,Shane,Coen,scoenro@friendfeed.com,Male,115.156.193.62
998,Paolo,Waiting,pwaitingrp@tripadvisor.com,Male,10.186.181.108
999,Cathe,Godbert,cgodbertrq@ox.ac.uk,Female,36.101.24.176
1000,Gabby,Blay,gblayrr@ox.ac.uk,Male,127.16.76.56
